{"cameraMode":{"drawMode":0,"name":"Shaded","section":"Shading Mode"},"sceneLighting":true,"audioPlay":false,"sceneViewState":{"showFog":true,"showMaterialUpdate":true,"showSkybox":true,"showFlares":true,"showImageEffects":true,"showParticleSystems":true},"in2DMode":false,"pivot":{"x":3.3175649642944338,"y":1.7806695699691773,"z":6.195845127105713},"rotation":{"x":0.093748539686203,"y":-0.7139865159988403,"z":0.09702737629413605,"w":0.6872926354408264},"size":42.96000671386719,"orthographic":false}