{"cameraMode":{"drawMode":0,"name":"Shaded","section":"Shading Mode"},"sceneLighting":false,"audioPlay":false,"sceneViewState":{"showFog":true,"showMaterialUpdate":true,"showSkybox":false,"showFlares":true,"showImageEffects":true,"showParticleSystems":true},"in2DMode":false,"pivot":{"x":12.003341674804688,"y":4.971014022827148,"z":10.0011625289917},"rotation":{"x":-0.11178570985794068,"y":-0.2972047030925751,"z":0.03471812605857849,"w":-0.9477395415306091},"size":33.11804962158203,"orthographic":false}