{"cameraMode":{"drawMode":0,"name":"Shaded","section":"Shading Mode"},"sceneLighting":false,"audioPlay":false,"sceneViewState":{"showFog":true,"showMaterialUpdate":true,"showSkybox":false,"showFlares":true,"showImageEffects":true,"showParticleSystems":true},"in2DMode":false,"pivot":{"x":20.464147567749025,"y":-0.44294142723083498,"z":11.19559383392334},"rotation":{"x":0.007434170227497816,"y":0.7619426250457764,"z":0.009029289707541466,"w":-0.6478024125099182},"size":0.1097925454378128,"orthographic":false}