{"cameraMode":{"drawMode":0,"name":"Shaded","section":"Shading Mode"},"sceneLighting":false,"audioPlay":false,"sceneViewState":{"showFog":true,"showMaterialUpdate":true,"showSkybox":false,"showFlares":true,"showImageEffects":true,"showParticleSystems":true},"in2DMode":false,"pivot":{"x":0.32248154282569888,"y":0.865798830986023,"z":0.0},"rotation":{"x":-0.17228473722934724,"y":0.6701376438140869,"z":-0.16421468555927277,"w":-0.7030800580978394},"size":5.308609962463379,"orthographic":false}