{"cameraMode":{"drawMode":0,"name":"Shaded","section":"Shading Mode"},"sceneLighting":false,"audioPlay":false,"sceneViewState":{"showFog":true,"showMaterialUpdate":true,"showSkybox":false,"showFlares":true,"showImageEffects":true,"showParticleSystems":true},"in2DMode":false,"pivot":{"x":-82.466064453125,"y":37.6514778137207,"z":-17.018417358398439},"rotation":{"x":0.05722777545452118,"y":0.8742713928222656,"z":-0.10551287978887558,"w":0.47063538432121279},"size":9.385856628417969,"orthographic":false}